标题,链接,产地
"布莱泽<em class=""keyword"">奥特曼</em>（中配）",https://www.bilibili.com/bangumi/play/ss45511,日本
"布莱泽<em class=""keyword"">奥特曼</em>",https://www.bilibili.com/bangumi/play/ss45510,日本
"雷古洛思<em class=""keyword"">奥特曼</em>",https://www.bilibili.com/bangumi/play/ss45121,日本
"德凯<em class=""keyword"">奥特曼</em>（中配）",https://www.bilibili.com/bangumi/play/ss42187,日本
"德凯<em class=""keyword"">奥特曼</em>",https://www.bilibili.com/bangumi/play/ss42186,日本
"特利迦<em class=""keyword"">奥特曼</em>（中配）",https://www.bilibili.com/bangumi/play/ss41998,日本
"特利迦<em class=""keyword"">奥特曼</em>",https://www.bilibili.com/bangumi/play/ss41997,日本
"泽塔<em class=""keyword"">奥特曼</em>（中配）",https://www.bilibili.com/bangumi/play/ss38398,日本
"泽塔<em class=""keyword"">奥特曼</em>",https://www.bilibili.com/bangumi/play/ss38397,日本
"泰迦<em class=""keyword"">奥特曼</em>（中配）",https://www.bilibili.com/bangumi/play/ss38423,日本
"泰迦<em class=""keyword"">奥特曼</em>",https://www.bilibili.com/bangumi/play/ss38422,日本
"罗布<em class=""keyword"">奥特曼</em>剧场版 决定了！羁绊的水晶",https://www.bilibili.com/bangumi/play/ss41950?theme=movie,日本
